ColorGoogleSheet,ColorSearchResult,Sheen,ProductName,Size
Beige,36531 CARNATION BEIGE,Matt,DULUX WASH&WEAR MATT VIVID WHITE 4L,"1L,2L,4L,10L,15L"
Beige,36531 CARNATION BEIGE,Low Sheen,DULUX WASH&WEAR LOW SHEEN VIVID WHITE 4L,"0.5L,1L,2L,4L,10L,15L"
Beige,36531 CARNATION BEIGE,Semi Gloss,DULUX WASH&WEAR SEMI GLOSS VIVID WHITE 4L,"1L,2L,4L,10L,15L"
Beige,36531 CARNATION BEIGE,Gloss,DULUX WASH&WEAR GLOSS VIVID WHITE 4L,"0.5L,1L,4L"
Beige,36573 SUNRISE BEIGE,Matt,DULUX WASH&WEAR MATT VIVID WHITE 4L,"1L,2L,4L,10L,15L"
Beige,36573 SUNRISE BEIGE,Low Sheen,DULUX WASH&WEAR LOW SHEEN VIVID WHITE 4L,"0.5L,1L,2L,4L,10L,15L"
Beige,36573 SUNRISE BEIGE,Semi Gloss,DULUX WASH&WEAR SEMI GLOSS VIVID WHITE 4L,"1L,2L,4L,10L,15L"
Beige,36573 SUNRISE BEIGE,Gloss,DULUX WASH&WEAR GLOSS VIVID WHITE 4L,"0.5L,1L,4L"
Beige,366 LIGHT BEIGE,Matt,DULUX WASH&WEAR MATT VIVID WHITE 4L,"1L,2L,4L,10L,15L"
Beige,366 LIGHT BEIGE,Low Sheen,DULUX WASH&WEAR LOW SHEEN VIVID WHITE 4L,"0.5L,1L,2L,4L,10L,15L"
Beige,366 LIGHT BEIGE,Semi Gloss,DULUX WASH&WEAR SEMI GLOSS VIVID WHITE 4L,"1L,2L,4L,10L,15L"
Beige,366 LIGHT BEIGE,Gloss,DULUX WASH&WEAR GLOSS VIVID WHITE 4L,"0.5L,1L,4L"
Beige,37103 WARM BEIGE,Matt,DULUX WASH&WEAR MATT VIVID WHITE 4L,"1L,2L,4L,10L,15L"
Beige,37103 WARM BEIGE,Low Sheen,DULUX WASH&WEAR LOW SHEEN VIVID WHITE 4L,"0.5L,1L,2L,4L,10L,15L"
Beige,37103 WARM BEIGE,Semi Gloss,DULUX WASH&WEAR SEMI GLOSS VIVID WHITE 4L,"1L,2L,4L,10L,15L"
Beige,37103 WARM BEIGE,Gloss,DULUX WASH&WEAR GLOSS VIVID WHITE 4L,"0.5L,1L,4L"
Beige,388 BEIGE,Matt,DULUX WASH&WEAR MATT VIVID WHITE 4L,"1L,2L,4L,10L,15L"
Beige,388 BEIGE,Low Sheen,DULUX WASH&WEAR LOW SHEEN VIVID WHITE 4L,"0.5L,1L,2L,4L,10L,15L"
Beige,388 BEIGE,Semi Gloss,DULUX WASH&WEAR SEMI GLOSS VIVID WHITE 4L,"1L,2L,4L,10L,15L"
Beige,388 BEIGE,Gloss,DULUX WASH&WEAR GLOSS VIVID WHITE 4L,"0.5L,1L,4L"
Beige,50957 TOYOTA BEIGE A,Matt,DULUX WASH&WEAR MATT VIVID WHITE 4L,"1L,2L,4L,10L,15L"
Beige,50957 TOYOTA BEIGE A,Low Sheen,DULUX WASH&WEAR LOW SHEEN VIVID WHITE 4L,"0.5L,1L,2L,4L,10L,15L"
Beige,50957 TOYOTA BEIGE A,Semi Gloss,DULUX WASH&WEAR SEMI GLOSS VIVID WHITE 4L,"1L,2L,4L,10L,15L"
Beige,50957 TOYOTA BEIGE A,Gloss,DULUX WASH&WEAR GLOSS VIVID WHITE 4L,"0.5L,1L,4L"
Beige,73297 MANCHESTER HOUSE BEIGE,Matt,DULUX WASH&WEAR MATT VIVID WHITE 4L,"1L,2L,4L,10L,15L"
Beige,73297 MANCHESTER HOUSE BEIGE,Low Sheen,DULUX WASH&WEAR LOW SHEEN VIVID WHITE 4L,"0.5L,1L,2L,4L,10L,15L"
Beige,73297 MANCHESTER HOUSE BEIGE,Semi Gloss,DULUX WASH&WEAR SEMI GLOSS VIVID WHITE 4L,"1L,2L,4L,10L,15L"
Beige,73297 MANCHESTER HOUSE BEIGE,Gloss,DULUX WASH&WEAR GLOSS VIVID WHITE 4L,"0.5L,1L,4L"
Beige,89685 CARLILE BEIGE,Matt,DULUX WASH&WEAR MATT VIVID WHITE 4L,"1L,2L,4L,10L,15L"
Beige,89685 CARLILE BEIGE,Low Sheen,DULUX WASH&WEAR LOW SHEEN VIVID WHITE 4L,"0.5L,1L,2L,4L,10L,15L"
Beige,89685 CARLILE BEIGE,Semi Gloss,DULUX WASH&WEAR SEMI GLOSS VIVID WHITE 4L,"1L,2L,4L,10L,15L"
Beige,89685 CARLILE BEIGE,Gloss,DULUX WASH&WEAR GLOSS VIVID WHITE 4L,"0.5L,1L,4L"
Beige,A1151 AMARCO BEIGE,Matt,DULUX WASH&WEAR MATT VIVID WHITE 4L,"1L,2L,4L,10L,15L"
Beige,A1151 AMARCO BEIGE,Low Sheen,DULUX WASH&WEAR LOW SHEEN VIVID WHITE 4L,"0.5L,1L,2L,4L,10L,15L"
Beige,A1151 AMARCO BEIGE,Semi Gloss,DULUX WASH&WEAR SEMI GLOSS VIVID WHITE 4L,"1L,2L,4L,10L,15L"
Beige,A1151 AMARCO BEIGE,Gloss,DULUX WASH&WEAR GLOSS VIVID WHITE 4L,"0.5L,1L,4L"
Beige,A1158 TOYS R US BEIGE,Matt,DULUX WASH&WEAR MATT DEEP 4L,"1L,4L"
Beige,A1158 TOYS R US BEIGE,Low Sheen,DULUX WASH&WEAR LOW SHEEN DEEP 4L,"1L,2L,4L,10L"
Beige,A1158 TOYS R US BEIGE,Semi Gloss,DULUX WASH&WEAR SEMI GLOSS DEEP 4L,"1L,4L"
Beige,A1178 WOOLWORTHS CHINA BEIGE,Matt,DULUX WASH&WEAR MATT VIVID WHITE 4L,"1L,2L,4L,10L,15L"
Beige,A1178 WOOLWORTHS CHINA BEIGE,Low Sheen,DULUX WASH&WEAR LOW SHEEN VIVID WHITE 4L,"0.5L,1L,2L,4L,10L,15L"
Beige,A1178 WOOLWORTHS CHINA BEIGE,Semi Gloss,DULUX WASH&WEAR SEMI GLOSS VIVID WHITE 4L,"1L,2L,4L,10L,15L"
Beige,A1178 WOOLWORTHS CHINA BEIGE,Gloss,DULUX WASH&WEAR GLOSS VIVID WHITE 4L,"0.5L,1L,4L"
Beige,A1547 COLES ROCOCO BEIGE,Matt,DULUX WASH&WEAR MATT VIVID WHITE 4L,"1L,2L,4L,10L,15L"
Beige,A1547 COLES ROCOCO BEIGE,Low Sheen,DULUX WASH&WEAR LOW SHEEN VIVID WHITE 4L,"0.5L,1L,2L,4L,10L,15L"
Beige,A1547 COLES ROCOCO BEIGE,Semi Gloss,DULUX WASH&WEAR SEMI GLOSS VIVID WHITE 4L,"1L,2L,4L,10L,15L"
Beige,A1547 COLES ROCOCO BEIGE,Gloss,DULUX WASH&WEAR GLOSS VIVID WHITE 4L,"0.5L,1L,4L"
Beige,A1547 LIQUORLAND ROCOCO BEIGE,Matt,DULUX WASH&WEAR MATT VIVID WHITE 4L,"1L,2L,4L,10L,15L"
Beige,A1547 LIQUORLAND ROCOCO BEIGE,Low Sheen,DULUX WASH&WEAR LOW SHEEN VIVID WHITE 4L,"0.5L,1L,2L,4L,10L,15L"
Beige,A1547 LIQUORLAND ROCOCO BEIGE,Semi Gloss,DULUX WASH&WEAR SEMI GLOSS VIVID WHITE 4L,"1L,2L,4L,10L,15L"
Beige,A1547 LIQUORLAND ROCOCO BEIGE,Gloss,DULUX WASH&WEAR GLOSS VIVID WHITE 4L,"0.5L,1L,4L"
Beige,A1588 GEO TAPESTRY BEIGE,Matt,DULUX WASH&WEAR MATT VIVID WHITE 4L,"1L,2L,4L,10L,15L"
Beige,A1588 GEO TAPESTRY BEIGE,Low Sheen,DULUX WASH&WEAR LOW SHEEN VIVID WHITE 4L,"0.5L,1L,2L,4L,10L,15L"
Beige,A1588 GEO TAPESTRY BEIGE,Semi Gloss,DULUX WASH&WEAR SEMI GLOSS VIVID WHITE 4L,"1L,2L,4L,10L,15L"
Beige,A1588 GEO TAPESTRY BEIGE,Gloss,DULUX WASH&WEAR GLOSS VIVID WHITE 4L,"0.5L,1L,4L"
Beige,A1589 GEO BEIGE,Matt,DULUX WASH&WEAR MATT VIVID WHITE 4L,"1L,2L,4L,10L,15L"
Beige,A1589 GEO BEIGE,Low Sheen,DULUX WASH&WEAR LOW SHEEN VIVID WHITE 4L,"0.5L,1L,2L,4L,10L,15L"
Beige,A1589 GEO BEIGE,Semi Gloss,DULUX WASH&WEAR SEMI GLOSS VIVID WHITE 4L,"1L,2L,4L,10L,15L"
Beige,A1589 GEO BEIGE,Gloss,DULUX WASH&WEAR GLOSS VIVID WHITE 4L,"0.5L,1L,4L"
Beige,A2471 CROWN BRUNSWICK BEIGE,Matt,DULUX WASH&WEAR MATT DEEP 4L,"1L,4L"
Beige,A2471 CROWN BRUNSWICK BEIGE,Low Sheen,DULUX WASH&WEAR LOW SHEEN DEEP 4L,"1L,2L,4L,10L"
Beige,A2471 CROWN BRUNSWICK BEIGE,Semi Gloss,DULUX WASH&WEAR SEMI GLOSS DEEP 4L,"1L,4L"
Beige,ACCESSIBLE BEIGE*,Matt,DULUX WASH&WEAR MATT VIVID WHITE 4L,"1L,2L,4L,10L,15L"
Beige,ACCESSIBLE BEIGE*,Low Sheen,DULUX WASH&WEAR LOW SHEEN VIVID WHITE 4L,"0.5L,1L,2L,4L,10L,15L"
Beige,ACCESSIBLE BEIGE*,Semi Gloss,DULUX WASH&WEAR SEMI GLOSS VIVID WHITE 4L,"1L,2L,4L,10L,15L"
Beige,ACCESSIBLE BEIGE*,Gloss,DULUX WASH&WEAR GLOSS VIVID WHITE 4L,"0.5L,1L,4L"
Beige,ADRIAN BEIGE,Matt,DULUX WASH&WEAR MATT VIVID WHITE 4L,"1L,2L,4L,10L,15L"
Beige,ADRIAN BEIGE,Low Sheen,DULUX WASH&WEAR LOW SHEEN VIVID WHITE 4L,"0.5L,1L,2L,4L,10L,15L"
Beige,ADRIAN BEIGE,Semi Gloss,DULUX WASH&WEAR SEMI GLOSS VIVID WHITE 4L,"1L,2L,4L,10L,15L"
Beige,ADRIAN BEIGE,Gloss,DULUX WASH&WEAR GLOSS VIVID WHITE 4L,"0.5L,1L,4L"
